<?xml version="1.0" encoding="UTF-8" standalone="yes"?>
<businessObjectModel modelVersion="1.0" productVersion="7.2.0">
    <businessObjects>
        <businessObject qualifiedName="ec.gob.magap.vue.bonita.bdm.BOVueParameter">
            <description>BO que contiene parámetros de VUE.</description>
            <fields>
                <field type="STRING" length="35" name="vueparameter" nullable="false" collection="false"/>
                <field type="STRING" length="500" name="paramvalue" nullable="false" collection="false"/>
            </fields>
            <uniqueConstraints/>
            <queries/>
            <indexes/>
        </businessObject>
        <businessObject qualifiedName="ec.gob.magap.vue.bonita.bdm.BOAperturas">
            <description>Solicitudes de Aperturas</description>
            <fields>
                <field type="STRING" length="255" name="req_no" nullable="true" collection="false"/>
                <field type="STRING" length="255" name="ruc" nullable="true" collection="false"/>
                <field type="STRING" length="255" name="email" nullable="true" collection="false"/>
                <field type="STRING" length="255" name="email_adicional" nullable="true" collection="false"/>
                <field type="STRING" length="255" name="usuario_scb" nullable="true" collection="false"/>
                <field type="STRING" length="255" name="empresa_scb" nullable="true" collection="false"/>
                <field type="TEXT" length="255" name="comentario" nullable="true" collection="false"/>
                <field type="STRING" length="255" name="fecha_solicitud" nullable="true" collection="false"/>
                <field type="STRING" length="255" name="ctft_eftv_finl_de" nullable="true" collection="false"/>
                <field type="STRING" length="255" name="estado" nullable="true" collection="false"/>
                <field type="STRING" length="255" name="afr_prst_cd" nullable="true" collection="false"/>
                <field type="STRING" length="255" name="codigo_exp" nullable="true" collection="false"/>
                <field type="STRING" length="512" name="direccion_exp" nullable="true" collection="false"/>
                <field type="STRING" length="255" name="num_contacto" nullable="true" collection="false"/>
                <field type="STRING" length="255" name="num_registrado" nullable="true" collection="false"/>
            </fields>
            <uniqueConstraints/>
            <queries/>
            <indexes/>
        </businessObject>
    </businessObjects>
</businessObjectModel>
